{"five-things-you-didnt-know-about-dumbledore.md":{"metaData":{"title":"5 Things You Didn't Know About Dumbledore","description":"This enigmatic man has fascinated us all.","publishDate":"January 26 2020","link":"\/harry-potter-blog\/five-things-you-didnt-know-about-dumbledore","minutesToRead":1},"body":"<p>Lorem, ipsum dolor sit amet consectetur adipisicing elit. Hic laborum non maiores quidem eius velit esse debitis eligendi tempore ad dignissimos iste quam rem quae, unde, numquam impedit? Ex, itaque?<\/p>\n<p>Lorem ipsum dolor sit amet consectetur adipisicing elit. Facere mollitia reprehenderit error illo ipsum doloremque non, quidem inventore placeat harum libero unde aperiam cum dolorem recusandae dolorum totam, maxime quas?<\/p>"},"top-ten-most-popular-spells-at-hogwarts.md":{"metaData":{"title":"Top Ten Most Popular Spells At Hogwarts","description":"Jinxes, hexes, and curses you want to know","publishDate":"January 25 2020","link":"\/harry-potter-blog\/top-ten-most-popular-spells-at-hogwarts","minutesToRead":1},"body":"<p>Lorem, ipsum dolor sit amet consectetur adipisicing elit. Hic laborum non maiores quidem eius velit esse debitis eligendi tempore ad dignissimos iste quam rem quae, unde, numquam impedit? Ex, itaque?<\/p>\n<p>Lorem ipsum dolor sit amet consectetur adipisicing elit. Facere mollitia reprehenderit error illo ipsum doloremque non, quidem inventore placeat harum libero unde aperiam cum dolorem recusandae dolorum totam, maxime quas?<\/p>"},"voldemort-was-worse-than-you-thought.md":{"metaData":{"title":"Voldemort Was Worse Than You Thought","description":"He was really a very bad man.","publishDate":"January 24 2020","link":"\/harry-potter-blog\/voldemort-was-worse-than-you-thought","minutesToRead":1},"body":"<p>Lorem, ipsum dolor sit amet consectetur adipisicing elit. Hic laborum non maiores quidem eius velit esse debitis eligendi tempore ad dignissimos iste quam rem quae, unde, numquam impedit? Ex, itaque?<\/p>\n<p>Lorem ipsum dolor sit amet consectetur adipisicing elit. Facere mollitia reprehenderit error illo ipsum doloremque non, quidem inventore placeat harum libero unde aperiam cum dolorem recusandae dolorum totam, maxime quas?<\/p>"}}